file,line,type,commit,author,date,time,timezone,datetime,depth,length
style.css,1,css,ebcf08b0,Tori Nguyen,2025-10-09,13:33:17,-07:00,2025-10-09T13:33:17-07:00,0,2
style.css,2,css,ebcf08b0,Tori Nguyen,2025-10-09,13:33:17,-07:00,2025-10-09T13:33:17-07:00,1,14
style.css,3,css,ebcf08b0,Tori Nguyen,2025-10-09,13:33:17,-07:00,2025-10-09T13:33:17-07:00,0,0
style.css,4,css,ebcf08b0,Tori Nguyen,2025-10-09,13:33:17,-07:00,2025-10-09T13:33:17-07:00,0,22
style.css,5,css,ebcf08b0,Tori Nguyen,2025-10-09,13:33:17,-07:00,2025-10-09T13:33:17-07:00,1,15
style.css,6,css,ebcf08b0,Tori Nguyen,2025-10-09,13:33:17,-07:00,2025-10-09T13:33:17-07:00,0,0
style.css,7,css,91bad65e,Tori Nguyen,2025-09-30,23:42:04,-07:00,2025-09-30T23:42:04-07:00,0,4
style.css,8,css,91bad65e,Tori Nguyen,2025-09-30,23:42:04,-07:00,2025-09-30T23:42:04-07:00,1,43
style.css,9,css,91bad65e,Tori Nguyen,2025-09-30,23:42:04,-07:00,2025-09-30T23:42:04-07:00,0,42
style.css,10,css,0b52c4be,Tori Nguyen,2025-10-16,15:41:24,-07:00,2025-10-16T15:41:24-07:00,0,0
style.css,11,css,91bad65e,Tori Nguyen,2025-09-30,23:42:04,-07:00,2025-09-30T23:42:04-07:00,1,23
style.css,12,css,18b42260,Tori Nguyen,2025-10-09,00:10:14,-07:00,2025-10-09T00:10:14-07:00,1,15
style.css,13,css,18b42260,Tori Nguyen,2025-10-09,00:10:14,-07:00,2025-10-09T00:10:14-07:00,1,18
style.css,14,css,18b42260,Tori Nguyen,2025-10-09,00:10:14,-07:00,2025-10-09T00:10:14-07:00,1,15
style.css,15,css,18b42260,Tori Nguyen,2025-10-09,00:10:14,-07:00,2025-10-09T00:10:14-07:00,0,0
style.css,16,css,18b42260,Tori Nguyen,2025-10-09,00:10:14,-07:00,2025-10-09T00:10:14-07:00,0,3
style.css,17,css,0b52c4be,Tori Nguyen,2025-10-16,15:41:24,-07:00,2025-10-16T15:41:24-07:00,1,39
style.css,18,css,18b42260,Tori Nguyen,2025-10-09,00:10:14,-07:00,2025-10-09T00:10:14-07:00,1,12
style.css,19,css,18b42260,Tori Nguyen,2025-10-09,00:10:14,-07:00,2025-10-09T00:10:14-07:00,1,17
style.css,20,css,18b42260,Tori Nguyen,2025-10-09,00:10:14,-07:00,2025-10-09T00:10:14-07:00,1,23
style.css,21,css,18b42260,Tori Nguyen,2025-10-09,00:10:14,-07:00,2025-10-09T00:10:14-07:00,1,25
style.css,22,css,0b52c4be,Tori Nguyen,2025-10-16,15:41:24,-07:00,2025-10-16T15:41:24-07:00,1,39
style.css,23,css,18b42260,Tori Nguyen,2025-10-09,00:10:14,-07:00,2025-10-09T00:10:14-07:00,0,0
style.css,24,css,18b42260,Tori Nguyen,2025-10-09,00:10:14,-07:00,2025-10-09T00:10:14-07:00,0,5
style.css,25,css,18b42260,Tori Nguyen,2025-10-09,00:10:14,-07:00,2025-10-09T00:10:14-07:00,1,6
style.css,26,css,18b42260,Tori Nguyen,2025-10-09,00:10:14,-07:00,2025-10-09T00:10:14-07:00,1,20
style.css,27,css,18b42260,Tori Nguyen,2025-10-09,00:10:14,-07:00,2025-10-09T00:10:14-07:00,1,13
style.css,28,css,18b42260,Tori Nguyen,2025-10-09,00:10:14,-07:00,2025-10-09T00:10:14-07:00,1,17
style.css,29,css,18b42260,Tori Nguyen,2025-10-09,00:10:14,-07:00,2025-10-09T00:10:14-07:00,1,13
style.css,30,css,18b42260,Tori Nguyen,2025-10-09,00:10:14,-07:00,2025-10-09T00:10:14-07:00,0,0
style.css,31,css,18b42260,Tori Nguyen,2025-10-09,00:10:14,-07:00,2025-10-09T00:10:14-07:00,0,8
style.css,32,css,18b42260,Tori Nguyen,2025-10-09,00:10:14,-07:00,2025-10-09T00:10:14-07:00,1,25
style.css,33,css,18b42260,Tori Nguyen,2025-10-09,00:10:14,-07:00,2025-10-09T00:10:14-07:00,1,25
style.css,34,css,18b42260,Tori Nguyen,2025-10-09,00:10:14,-07:00,2025-10-09T00:10:14-07:00,1,37
style.css,35,css,18b42260,Tori Nguyen,2025-10-09,00:10:14,-07:00,2025-10-09T00:10:14-07:00,1,20
style.css,36,css,18b42260,Tori Nguyen,2025-10-09,00:10:14,-07:00,2025-10-09T00:10:14-07:00,0,0
style.css,37,css,18b42260,Tori Nguyen,2025-10-09,00:10:14,-07:00,2025-10-09T00:10:14-07:00,0,5
style.css,38,css,ebcf08b0,Tori Nguyen,2025-10-09,13:33:17,-07:00,2025-10-09T13:33:17-07:00,1,40
style.css,39,css,18b42260,Tori Nguyen,2025-10-09,00:10:14,-07:00,2025-10-09T00:10:14-07:00,0,0
style.css,40,css,18b42260,Tori Nguyen,2025-10-09,00:10:14,-07:00,2025-10-09T00:10:14-07:00,0,4
style.css,41,css,18b42260,Tori Nguyen,2025-10-09,00:10:14,-07:00,2025-10-09T00:10:14-07:00,1,32
style.css,42,css,0b52c4be,Tori Nguyen,2025-10-16,15:41:24,-07:00,2025-10-16T15:41:24-07:00,1,23
style.css,43,css,18b42260,Tori Nguyen,2025-10-09,00:10:14,-07:00,2025-10-09T00:10:14-07:00,0,0
style.css,44,css,18b42260,Tori Nguyen,2025-10-09,00:10:14,-07:00,2025-10-09T00:10:14-07:00,0,11
style.css,45,css,18b42260,Tori Nguyen,2025-10-09,00:10:14,-07:00,2025-10-09T00:10:14-07:00,1,25
style.css,46,css,18b42260,Tori Nguyen,2025-10-09,00:10:14,-07:00,2025-10-09T00:10:14-07:00,1,25
style.css,47,css,18b42260,Tori Nguyen,2025-10-09,00:10:14,-07:00,2025-10-09T00:10:14-07:00,1,39
style.css,48,css,18b42260,Tori Nguyen,2025-10-09,00:10:14,-07:00,2025-10-09T00:10:14-07:00,1,20
style.css,49,css,0b52c4be,Tori Nguyen,2025-10-16,15:41:24,-07:00,2025-10-16T15:41:24-07:00,1,69
style.css,50,css,18b42260,Tori Nguyen,2025-10-09,00:10:14,-07:00,2025-10-09T00:10:14-07:00,0,0
style.css,51,css,18b42260,Tori Nguyen,2025-10-09,00:10:14,-07:00,2025-10-09T00:10:14-07:00,0,4
style.css,52,css,18b42260,Tori Nguyen,2025-10-09,00:10:14,-07:00,2025-10-09T00:10:14-07:00,1,12
style.css,53,css,18b42260,Tori Nguyen,2025-10-09,00:10:14,-07:00,2025-10-09T00:10:14-07:00,1,30
style.css,54,css,18b42260,Tori Nguyen,2025-10-09,00:10:14,-07:00,2025-10-09T00:10:14-07:00,1,7
style.css,55,css,18b42260,Tori Nguyen,2025-10-09,00:10:14,-07:00,2025-10-09T00:10:14-07:00,0,0
style.css,56,css,18b42260,Tori Nguyen,2025-10-09,00:10:14,-07:00,2025-10-09T00:10:14-07:00,0,10
style.css,57,css,18b42260,Tori Nguyen,2025-10-09,00:10:14,-07:00,2025-10-09T00:10:14-07:00,1,12
style.css,58,css,18b42260,Tori Nguyen,2025-10-09,00:10:14,-07:00,2025-10-09T00:10:14-07:00,1,29
style.css,59,css,18b42260,Tori Nguyen,2025-10-09,00:10:14,-07:00,2025-10-09T00:10:14-07:00,1,18
style.css,60,css,18b42260,Tori Nguyen,2025-10-09,00:10:14,-07:00,2025-10-09T00:10:14-07:00,0,0
style.css,61,css,18b42260,Tori Nguyen,2025-10-09,00:10:14,-07:00,2025-10-09T00:10:14-07:00,0,11
style.css,62,css,18b42260,Tori Nguyen,2025-10-09,00:10:14,-07:00,2025-10-09T00:10:14-07:00,1,18
style.css,63,css,18b42260,Tori Nguyen,2025-10-09,00:10:14,-07:00,2025-10-09T00:10:14-07:00,0,0
style.css,64,css,18b42260,Tori Nguyen,2025-10-09,00:10:14,-07:00,2025-10-09T00:10:14-07:00,0,35
style.css,65,css,18b42260,Tori Nguyen,2025-10-09,00:10:14,-07:00,2025-10-09T00:10:14-07:00,1,7
style.css,66,css,ebcf08b0,Tori Nguyen,2025-10-09,13:33:17,-07:00,2025-10-09T13:33:17-07:00,0,0
style.css,67,css,ebcf08b0,Tori Nguyen,2025-10-09,13:33:17,-07:00,2025-10-09T13:33:17-07:00,0,9
style.css,68,css,ebcf08b0,Tori Nguyen,2025-10-09,13:33:17,-07:00,2025-10-09T13:33:17-07:00,1,12
style.css,69,css,ebcf08b0,Tori Nguyen,2025-10-09,13:33:17,-07:00,2025-10-09T13:33:17-07:00,1,58
style.css,70,css,ebcf08b0,Tori Nguyen,2025-10-09,13:33:17,-07:00,2025-10-09T13:33:17-07:00,1,7
style.css,71,css,ebcf08b0,Tori Nguyen,2025-10-09,13:33:17,-07:00,2025-10-09T13:33:17-07:00,0,0
style.css,72,css,ebcf08b0,Tori Nguyen,2025-10-09,13:33:17,-07:00,2025-10-09T13:33:17-07:00,0,17
style.css,73,css,ebcf08b0,Tori Nguyen,2025-10-09,13:33:17,-07:00,2025-10-09T13:33:17-07:00,1,12
style.css,74,css,ebcf08b0,Tori Nguyen,2025-10-09,13:33:17,-07:00,2025-10-09T13:33:17-07:00,1,26
style.css,75,css,ebcf08b0,Tori Nguyen,2025-10-09,13:33:17,-07:00,2025-10-09T13:33:17-07:00,1,15
style.css,76,css,ebcf08b0,Tori Nguyen,2025-10-09,13:33:17,-07:00,2025-10-09T13:33:17-07:00,1,7
style.css,77,css,ebcf08b0,Tori Nguyen,2025-10-09,13:33:17,-07:00,2025-10-09T13:33:17-07:00,0,0
style.css,78,css,ebcf08b0,Tori Nguyen,2025-10-09,13:33:17,-07:00,2025-10-09T13:33:17-07:00,0,20
style.css,79,css,ebcf08b0,Tori Nguyen,2025-10-09,13:33:17,-07:00,2025-10-09T13:33:17-07:00,1,8
style.css,80,css,0b52c4be,Tori Nguyen,2025-10-16,15:41:24,-07:00,2025-10-16T15:41:24-07:00,0,0
style.css,81,css,0b52c4be,Tori Nguyen,2025-10-16,15:41:24,-07:00,2025-10-16T15:41:24-07:00,0,13
style.css,82,css,0b52c4be,Tori Nguyen,2025-10-16,15:41:24,-07:00,2025-10-16T15:41:24-07:00,1,17
style.css,83,css,0b52c4be,Tori Nguyen,2025-10-16,15:41:24,-07:00,2025-10-16T15:41:24-07:00,1,8
style.css,84,css,0b52c4be,Tori Nguyen,2025-10-16,15:41:24,-07:00,2025-10-16T15:41:24-07:00,1,10
style.css,85,css,0b52c4be,Tori Nguyen,2025-10-16,15:41:24,-07:00,2025-10-16T15:41:24-07:00,1,13
style.css,86,css,0b52c4be,Tori Nguyen,2025-10-16,15:41:24,-07:00,2025-10-16T15:41:24-07:00,1,19
style.css,87,css,0d2c78c6,Tori Nguyen,2025-10-28,23:42:44,-07:00,2025-10-28T23:42:44-07:00,0,0
style.css,88,css,0d2c78c6,Tori Nguyen,2025-10-28,23:42:44,-07:00,2025-10-28T23:42:44-07:00,0,18
style.css,89,css,1862bbcc,Tori Nguyen,2025-10-29,20:15:44,-07:00,2025-10-29T20:15:44-07:00,1,48
style.css,90,css,0d2c78c6,Tori Nguyen,2025-10-28,23:42:44,-07:00,2025-10-28T23:42:44-07:00,1,14
style.css,91,css,1862bbcc,Tori Nguyen,2025-10-29,20:15:44,-07:00,2025-10-29T20:15:44-07:00,1,11
style.css,92,css,1862bbcc,Tori Nguyen,2025-10-29,20:15:44,-07:00,2025-10-29T20:15:44-07:00,1,18
style.css,93,css,0d2c78c6,Tori Nguyen,2025-10-28,23:42:44,-07:00,2025-10-28T23:42:44-07:00,1,16
style.css,94,css,0d2c78c6,Tori Nguyen,2025-10-28,23:42:44,-07:00,2025-10-28T23:42:44-07:00,1,16
style.css,95,css,1862bbcc,Tori Nguyen,2025-10-29,20:15:44,-07:00,2025-10-29T20:15:44-07:00,0,0
style.css,96,css,1862bbcc,Tori Nguyen,2025-10-29,20:15:44,-07:00,2025-10-29T20:15:44-07:00,0,7
style.css,97,css,1862bbcc,Tori Nguyen,2025-10-29,20:15:44,-07:00,2025-10-29T20:15:44-07:00,1,12
style.css,98,css,1862bbcc,Tori Nguyen,2025-10-29,20:15:44,-07:00,2025-10-29T20:15:44-07:00,1,57
style.css,99,css,1862bbcc,Tori Nguyen,2025-10-29,20:15:44,-07:00,2025-10-29T20:15:44-07:00,1,6
style.css,100,css,1862bbcc,Tori Nguyen,2025-10-29,20:15:44,-07:00,2025-10-29T20:15:44-07:00,1,21
style.css,101,css,1862bbcc,Tori Nguyen,2025-10-29,20:15:44,-07:00,2025-10-29T20:15:44-07:00,1,9
style.css,102,css,1862bbcc,Tori Nguyen,2025-10-29,20:15:44,-07:00,2025-10-29T20:15:44-07:00,1,10
style.css,103,css,1862bbcc,Tori Nguyen,2025-10-29,20:15:44,-07:00,2025-10-29T20:15:44-07:00,1,13
style.css,104,css,1862bbcc,Tori Nguyen,2025-10-29,20:15:44,-07:00,2025-10-29T20:15:44-07:00,1,18
style.css,105,css,1862bbcc,Tori Nguyen,2025-10-29,20:15:44,-07:00,2025-10-29T20:15:44-07:00,1,18
style.css,106,css,1862bbcc,Tori Nguyen,2025-10-29,20:15:44,-07:00,2025-10-29T20:15:44-07:00,1,30
style.css,107,css,1862bbcc,Tori Nguyen,2025-10-29,20:15:44,-07:00,2025-10-29T20:15:44-07:00,0,0
style.css,108,css,1862bbcc,Tori Nguyen,2025-10-29,20:15:44,-07:00,2025-10-29T20:15:44-07:00,0,12
style.css,109,css,1862bbcc,Tori Nguyen,2025-10-29,20:15:44,-07:00,2025-10-29T20:15:44-07:00,1,12
style.css,110,css,1862bbcc,Tori Nguyen,2025-10-29,20:15:44,-07:00,2025-10-29T20:15:44-07:00,1,18
style.css,111,css,1862bbcc,Tori Nguyen,2025-10-29,20:15:44,-07:00,2025-10-29T20:15:44-07:00,1,9
style.css,112,css,1862bbcc,Tori Nguyen,2025-10-29,20:15:44,-07:00,2025-10-29T20:15:44-07:00,0,0
style.css,113,css,1862bbcc,Tori Nguyen,2025-10-29,20:15:44,-07:00,2025-10-29T20:15:44-07:00,0,7
style.css,114,css,1862bbcc,Tori Nguyen,2025-10-29,20:15:44,-07:00,2025-10-29T20:15:44-07:00,1,20
style.css,115,css,1862bbcc,Tori Nguyen,2025-10-29,20:15:44,-07:00,2025-10-29T20:15:44-07:00,1,10
style.css,116,css,1862bbcc,Tori Nguyen,2025-10-29,20:15:44,-07:00,2025-10-29T20:15:44-07:00,1,11
style.css,117,css,1862bbcc,Tori Nguyen,2025-10-29,20:15:44,-07:00,2025-10-29T20:15:44-07:00,1,29
style.css,118,css,1862bbcc,Tori Nguyen,2025-10-29,20:15:44,-07:00,2025-10-29T20:15:44-07:00,1,17
style.css,119,css,1862bbcc,Tori Nguyen,2025-10-29,20:15:44,-07:00,2025-10-29T20:15:44-07:00,1,18
style.css,120,css,1862bbcc,Tori Nguyen,2025-10-29,20:15:44,-07:00,2025-10-29T20:15:44-07:00,1,21
style.css,121,css,1862bbcc,Tori Nguyen,2025-10-29,20:15:44,-07:00,2025-10-29T20:15:44-07:00,0,0
style.css,122,css,1862bbcc,Tori Nguyen,2025-10-29,20:15:44,-07:00,2025-10-29T20:15:44-07:00,0,10
style.css,123,css,1862bbcc,Tori Nguyen,2025-10-29,20:15:44,-07:00,2025-10-29T20:15:44-07:00,1,12
style.css,124,css,1862bbcc,Tori Nguyen,2025-10-29,20:15:44,-07:00,2025-10-29T20:15:44-07:00,1,16
style.css,125,css,1862bbcc,Tori Nguyen,2025-10-29,20:15:44,-07:00,2025-10-29T20:15:44-07:00,1,6
style.css,126,css,1862bbcc,Tori Nguyen,2025-10-29,20:15:44,-07:00,2025-10-29T20:15:44-07:00,1,18
style.css,127,css,1862bbcc,Tori Nguyen,2025-10-29,20:15:44,-07:00,2025-10-29T20:15:44-07:00,1,9
style.css,128,css,c41b0508,Tori Nguyen,2025-10-29,22:00:11,-07:00,2025-10-29T22:00:11-07:00,0,0
style.css,129,css,c41b0508,Tori Nguyen,2025-10-29,22:00:11,-07:00,2025-10-29T22:00:11-07:00,0,17
style.css,130,css,c41b0508,Tori Nguyen,2025-10-29,22:00:11,-07:00,2025-10-29T22:00:11-07:00,1,16
style.css,131,css,c41b0508,Tori Nguyen,2025-10-29,22:00:11,-07:00,2025-10-29T22:00:11-07:00,2,11
style.css,132,css,c41b0508,Tori Nguyen,2025-10-29,22:00:11,-07:00,2025-10-29T22:00:11-07:00,1,0
style.css,133,css,c41b0508,Tori Nguyen,2025-10-29,22:00:11,-07:00,2025-10-29T22:00:11-07:00,0,0
style.css,134,css,c41b0508,Tori Nguyen,2025-10-29,22:00:11,-07:00,2025-10-29T22:00:11-07:00,0,4
style.css,135,css,c41b0508,Tori Nguyen,2025-10-29,22:00:11,-07:00,2025-10-29T22:00:11-07:00,1,16
style.css,136,css,c41b0508,Tori Nguyen,2025-10-29,22:00:11,-07:00,2025-10-29T22:00:11-07:00,1,14
style.css,137,css,c41b0508,Tori Nguyen,2025-10-29,22:00:11,-07:00,2025-10-29T22:00:11-07:00,0,0
style.css,138,css,c41b0508,Tori Nguyen,2025-10-29,22:00:11,-07:00,2025-10-29T22:00:11-07:00,0,9
style.css,139,css,c41b0508,Tori Nguyen,2025-10-29,22:00:11,-07:00,2025-10-29T22:00:11-07:00,1,35
style.css,140,css,c41b0508,Tori Nguyen,2025-10-29,22:00:11,-07:00,2025-10-29T22:00:11-07:00,0,0
style.css,141,css,c41b0508,Tori Nguyen,2025-10-29,22:00:11,-07:00,2025-10-29T22:00:11-07:00,1,10
style.css,142,css,c41b0508,Tori Nguyen,2025-10-29,22:00:11,-07:00,2025-10-29T22:00:11-07:00,2,17
style.css,143,css,c41b0508,Tori Nguyen,2025-10-29,22:00:11,-07:00,2025-10-29T22:00:11-07:00,1,0
style.css,144,css,91bad65e,Tori Nguyen,2025-09-30,23:42:04,-07:00,2025-09-30T23:42:04-07:00,0,0
index.js,1,js,8e9bc714,Tori Nguyen,2025-10-24,20:44:02,-07:00,2025-10-24T20:44:02-07:00,0,71
index.js,2,js,8e9bc714,Tori Nguyen,2025-10-24,20:44:02,-07:00,2025-10-24T20:44:02-07:00,0,54
index.js,3,js,8e9bc714,Tori Nguyen,2025-10-24,20:44:02,-07:00,2025-10-24T20:44:02-07:00,0,42
index.js,4,js,8e9bc714,Tori Nguyen,2025-10-24,20:44:02,-07:00,2025-10-24T20:44:02-07:00,0,0
index.js,5,js,8e9bc714,Tori Nguyen,2025-10-24,20:44:02,-07:00,2025-10-24T20:44:02-07:00,0,60
index.js,6,js,8e9bc714,Tori Nguyen,2025-10-24,20:44:02,-07:00,2025-10-24T20:44:02-07:00,0,54
index.js,7,js,8e9bc714,Tori Nguyen,2025-10-24,20:44:02,-07:00,2025-10-24T20:44:02-07:00,0,0
index.js,8,js,8e9bc714,Tori Nguyen,2025-10-24,20:44:02,-07:00,2025-10-24T20:44:02-07:00,0,53
index.js,9,js,8e9bc714,Tori Nguyen,2025-10-24,20:44:02,-07:00,2025-10-24T20:44:02-07:00,0,60
index.js,10,js,8e9bc714,Tori Nguyen,2025-10-24,20:44:02,-07:00,2025-10-24T20:44:02-07:00,0,0
index.js,11,js,8e9bc714,Tori Nguyen,2025-10-24,20:44:02,-07:00,2025-10-24T20:44:02-07:00,0,17
index.js,12,js,8e9bc714,Tori Nguyen,2025-10-24,20:44:02,-07:00,2025-10-24T20:44:02-07:00,1,24
index.js,13,js,0d2c78c6,Tori Nguyen,2025-10-28,23:42:44,-07:00,2025-10-28T23:42:44-07:00,4,22
index.js,14,js,8e9bc714,Tori Nguyen,2025-10-24,20:44:02,-07:00,2025-10-24T20:44:02-07:00,4,2
index.js,15,js,8e9bc714,Tori Nguyen,2025-10-24,20:44:02,-07:00,2025-10-24T20:44:02-07:00,5,55
index.js,16,js,8e9bc714,Tori Nguyen,2025-10-24,20:44:02,-07:00,2025-10-24T20:44:02-07:00,5,55
index.js,17,js,8e9bc714,Tori Nguyen,2025-10-24,20:44:02,-07:00,2025-10-24T20:44:02-07:00,5,49
index.js,18,js,8e9bc714,Tori Nguyen,2025-10-24,20:44:02,-07:00,2025-10-24T20:44:02-07:00,5,49
index.js,19,js,8e9bc714,Tori Nguyen,2025-10-24,20:44:02,-07:00,2025-10-24T20:44:02-07:00,4,3
index.js,20,js,8e9bc714,Tori Nguyen,2025-10-24,20:44:02,-07:00,2025-10-24T20:44:02-07:00,2,0
index.js,21,js,8e9bc714,Tori Nguyen,2025-10-24,20:44:02,-07:00,2025-10-24T20:44:02-07:00,0,0
index.html,1,html,d9f6facf,Tori Nguyen,2025-09-30,21:29:16,-07:00,2025-09-30T21:29:16-07:00,0,13
index.html,2,html,d9f6facf,Tori Nguyen,2025-09-30,21:29:16,-07:00,2025-09-30T21:29:16-07:00,0,14
index.html,3,html,d9f6facf,Tori Nguyen,2025-09-30,21:29:16,-07:00,2025-09-30T21:29:16-07:00,0,4
index.html,4,html,d9f6facf,Tori Nguyen,2025-09-30,21:29:16,-07:00,2025-09-30T21:29:16-07:00,2,20
index.html,5,html,d9f6facf,Tori Nguyen,2025-09-30,21:29:16,-07:00,2025-09-30T21:29:16-07:00,2,68
index.html,6,html,d9f6facf,Tori Nguyen,2025-09-30,21:29:16,-07:00,2025-09-30T21:29:16-07:00,2,53
index.html,7,html,91bad65e,Tori Nguyen,2025-09-30,23:42:04,-07:00,2025-09-30T23:42:04-07:00,2,38
index.html,8,html,d9f6facf,Tori Nguyen,2025-09-30,21:29:16,-07:00,2025-09-30T21:29:16-07:00,0,5
index.html,9,html,d9f6facf,Tori Nguyen,2025-09-30,21:29:16,-07:00,2025-09-30T21:29:16-07:00,0,4
index.html,10,html,8e9bc714,Tori Nguyen,2025-10-24,20:44:02,-07:00,2025-10-24T20:44:02-07:00,0,0
index.html,11,html,d9f6facf,Tori Nguyen,2025-09-30,21:29:16,-07:00,2025-09-30T21:29:16-07:00,2,18
index.html,12,html,8789459b,Tori Nguyen,2025-10-14,22:56:44,-07:00,2025-10-14T22:56:44-07:00,2,45
index.html,13,html,8b4b9bf5,Tori Nguyen,2025-10-03,14:28:24,-07:00,2025-10-03T14:28:24-07:00,2,87
index.html,14,html,8b4b9bf5,Tori Nguyen,2025-10-03,14:28:24,-07:00,2025-10-03T14:28:24-07:00,4,73
index.html,15,html,8b4b9bf5,Tori Nguyen,2025-10-03,14:28:24,-07:00,2025-10-03T14:28:24-07:00,4,99
index.html,16,html,8b4b9bf5,Tori Nguyen,2025-10-03,14:28:24,-07:00,2025-10-03T14:28:24-07:00,4,100
index.html,17,html,8b4b9bf5,Tori Nguyen,2025-10-03,14:28:24,-07:00,2025-10-03T14:28:24-07:00,4,65
index.html,18,html,8e9bc714,Tori Nguyen,2025-10-24,20:44:02,-07:00,2025-10-24T20:44:02-07:00,2,105
index.html,19,html,8e9bc714,Tori Nguyen,2025-10-24,20:44:02,-07:00,2025-10-24T20:44:02-07:00,0,0
index.html,20,html,8e9bc714,Tori Nguyen,2025-10-24,20:44:02,-07:00,2025-10-24T20:44:02-07:00,2,22
index.html,21,html,8e9bc714,Tori Nguyen,2025-10-24,20:44:02,-07:00,2025-10-24T20:44:02-07:00,2,26
index.html,22,html,8e9bc714,Tori Nguyen,2025-10-24,20:44:02,-07:00,2025-10-24T20:44:02-07:00,2,28
index.html,23,html,8e9bc714,Tori Nguyen,2025-10-24,20:44:02,-07:00,2025-10-24T20:44:02-07:00,2,0
index.html,24,html,8e9bc714,Tori Nguyen,2025-10-24,20:44:02,-07:00,2025-10-24T20:44:02-07:00,2,50
index.html,25,html,8e9bc714,Tori Nguyen,2025-10-24,20:44:02,-07:00,2025-10-24T20:44:02-07:00,0,0
index.html,26,html,d9f6facf,Tori Nguyen,2025-09-30,21:29:16,-07:00,2025-09-30T21:29:16-07:00,0,5
index.html,27,html,d9f6facf,Tori Nguyen,2025-09-30,21:29:16,-07:00,2025-09-30T21:29:16-07:00,0,5
global.js,1,js,0b52c4be,Tori Nguyen,2025-10-16,15:41:24,-07:00,2025-10-16T15:41:24-07:00,0,78
global.js,2,js,0b52c4be,Tori Nguyen,2025-10-16,15:41:24,-07:00,2025-10-16T15:41:24-07:00,0,0
global.js,3,js,8789459b,Tori Nguyen,2025-10-14,22:56:44,-07:00,2025-10-14T22:56:44-07:00,0,25
global.js,4,js,8789459b,Tori Nguyen,2025-10-14,22:56:44,-07:00,2025-10-14T22:56:44-07:00,0,0
global.js,5,js,8789459b,Tori Nguyen,2025-10-14,22:56:44,-07:00,2025-10-14T22:56:44-07:00,0,41
global.js,6,js,8789459b,Tori Nguyen,2025-10-14,22:56:44,-07:00,2025-10-14T22:56:44-07:00,1,52
global.js,7,js,8789459b,Tori Nguyen,2025-10-14,22:56:44,-07:00,2025-10-14T22:56:44-07:00,0,0
global.js,8,js,8789459b,Tori Nguyen,2025-10-14,22:56:44,-07:00,2025-10-14T22:56:44-07:00,0,0
global.js,9,js,0b52c4be,Tori Nguyen,2025-10-16,15:41:24,-07:00,2025-10-16T15:41:24-07:00,0,78
global.js,10,js,0b52c4be,Tori Nguyen,2025-10-16,15:41:24,-07:00,2025-10-16T15:41:24-07:00,0,64
global.js,11,js,0b52c4be,Tori Nguyen,2025-10-16,15:41:24,-07:00,2025-10-16T15:41:24-07:00,1,25
global.js,12,js,0b52c4be,Tori Nguyen,2025-10-16,15:41:24,-07:00,2025-10-16T15:41:24-07:00,1,38
global.js,13,js,0b52c4be,Tori Nguyen,2025-10-16,15:41:24,-07:00,2025-10-16T15:41:24-07:00,1,35
global.js,14,js,0b52c4be,Tori Nguyen,2025-10-16,15:41:24,-07:00,2025-10-16T15:41:24-07:00,1,35
global.js,15,js,00000000,Not Committed Yet,2025-11-07,17:25:33,-08:00,2025-11-07T17:25:33-08:00,1,28
global.js,16,js,0b52c4be,Tori Nguyen,2025-10-16,15:41:24,-07:00,2025-10-16T15:41:24-07:00,1,59
global.js,17,js,0b52c4be,Tori Nguyen,2025-10-16,15:41:24,-07:00,2025-10-16T15:41:24-07:00,0,0
global.js,18,js,0b52c4be,Tori Nguyen,2025-10-16,15:41:24,-07:00,2025-10-16T15:41:24-07:00,0,0
global.js,19,js,0b52c4be,Tori Nguyen,2025-10-16,15:41:24,-07:00,2025-10-16T15:41:24-07:00,0,51
global.js,20,js,0b52c4be,Tori Nguyen,2025-10-16,15:41:24,-07:00,2025-10-16T15:41:24-07:00,0,38
global.js,21,js,0b52c4be,Tori Nguyen,2025-10-16,15:41:24,-07:00,2025-10-16T15:41:24-07:00,0,25
global.js,22,js,0b52c4be,Tori Nguyen,2025-10-16,15:41:24,-07:00,2025-10-16T15:41:24-07:00,0,0
global.js,23,js,0b52c4be,Tori Nguyen,2025-10-16,15:41:24,-07:00,2025-10-16T15:41:24-07:00,0,35
global.js,24,js,0b52c4be,Tori Nguyen,2025-10-16,15:41:24,-07:00,2025-10-16T15:41:24-07:00,0,20
global.js,25,js,0b52c4be,Tori Nguyen,2025-10-16,15:41:24,-07:00,2025-10-16T15:41:24-07:00,1,88
global.js,26,js,0b52c4be,Tori Nguyen,2025-10-16,15:41:24,-07:00,2025-10-16T15:41:24-07:00,1,36
global.js,27,js,0b52c4be,Tori Nguyen,2025-10-16,15:41:24,-07:00,2025-10-16T15:41:24-07:00,1,46
global.js,28,js,0b52c4be,Tori Nguyen,2025-10-16,15:41:24,-07:00,2025-10-16T15:41:24-07:00,0,0
global.js,29,js,0b52c4be,Tori Nguyen,2025-10-16,15:41:24,-07:00,2025-10-16T15:41:24-07:00,1,14
global.js,30,js,0b52c4be,Tori Nguyen,2025-10-16,15:41:24,-07:00,2025-10-16T15:41:24-07:00,1,52
global.js,31,js,0b52c4be,Tori Nguyen,2025-10-16,15:41:24,-07:00,2025-10-16T15:41:24-07:00,1,18
global.js,32,js,0b52c4be,Tori Nguyen,2025-10-16,15:41:24,-07:00,2025-10-16T15:41:24-07:00,0,0
global.js,33,js,0b52c4be,Tori Nguyen,2025-10-16,15:41:24,-07:00,2025-10-16T15:41:24-07:00,1,48
global.js,34,js,0b52c4be,Tori Nguyen,2025-10-16,15:41:24,-07:00,2025-10-16T15:41:24-07:00,1,70
global.js,35,js,0b52c4be,Tori Nguyen,2025-10-16,15:41:24,-07:00,2025-10-16T15:41:24-07:00,1,34
global.js,36,js,0b52c4be,Tori Nguyen,2025-10-16,15:41:24,-07:00,2025-10-16T15:41:24-07:00,1,11
global.js,37,js,0b52c4be,Tori Nguyen,2025-10-16,15:41:24,-07:00,2025-10-16T15:41:24-07:00,1,20
global.js,38,js,0b52c4be,Tori Nguyen,2025-10-16,15:41:24,-07:00,2025-10-16T15:41:24-07:00,1,12
global.js,39,js,0b52c4be,Tori Nguyen,2025-10-16,15:41:24,-07:00,2025-10-16T15:41:24-07:00,0,0
global.js,40,js,0b52c4be,Tori Nguyen,2025-10-16,15:41:24,-07:00,2025-10-16T15:41:24-07:00,1,40
global.js,41,js,0b52c4be,Tori Nguyen,2025-10-16,15:41:24,-07:00,2025-10-16T15:41:24-07:00,1,65
global.js,42,js,0b52c4be,Tori Nguyen,2025-10-16,15:41:24,-07:00,2025-10-16T15:41:24-07:00,2,25
global.js,43,js,0b52c4be,Tori Nguyen,2025-10-16,15:41:24,-07:00,2025-10-16T15:41:24-07:00,1,36
global.js,44,js,0b52c4be,Tori Nguyen,2025-10-16,15:41:24,-07:00,2025-10-16T15:41:24-07:00,2,18
global.js,45,js,0b52c4be,Tori Nguyen,2025-10-16,15:41:24,-07:00,2025-10-16T15:41:24-07:00,1,0
global.js,46,js,0b52c4be,Tori Nguyen,2025-10-16,15:41:24,-07:00,2025-10-16T15:41:24-07:00,1,0
global.js,47,js,0b52c4be,Tori Nguyen,2025-10-16,15:41:24,-07:00,2025-10-16T15:41:24-07:00,0,0
global.js,48,js,0b52c4be,Tori Nguyen,2025-10-16,15:41:24,-07:00,2025-10-16T15:41:24-07:00,0,0
global.js,49,js,0b52c4be,Tori Nguyen,2025-10-16,15:41:24,-07:00,2025-10-16T15:41:24-07:00,0,75
global.js,50,js,0b52c4be,Tori Nguyen,2025-10-16,15:41:24,-07:00,2025-10-16T15:41:24-07:00,0,31
global.js,51,js,0b52c4be,Tori Nguyen,2025-10-16,15:41:24,-07:00,2025-10-16T15:41:24-07:00,1,11
global.js,52,js,0b52c4be,Tori Nguyen,2025-10-16,15:41:24,-07:00,2025-10-16T15:41:24-07:00,1,0
global.js,53,js,0b52c4be,Tori Nguyen,2025-10-16,15:41:24,-07:00,2025-10-16T15:41:24-07:00,2,26
global.js,54,js,0b52c4be,Tori Nguyen,2025-10-16,15:41:24,-07:00,2025-10-16T15:41:24-07:00,3,4
global.js,55,js,0b52c4be,Tori Nguyen,2025-10-16,15:41:24,-07:00,2025-10-16T15:41:24-07:00,3,6
global.js,56,js,0b52c4be,Tori Nguyen,2025-10-16,15:41:24,-07:00,2025-10-16T15:41:24-07:00,4,43
global.js,57,js,0b52c4be,Tori Nguyen,2025-10-16,15:41:24,-07:00,2025-10-16T15:41:24-07:00,4,34
global.js,58,js,0b52c4be,Tori Nguyen,2025-10-16,15:41:24,-07:00,2025-10-16T15:41:24-07:00,4,32
global.js,59,js,0b52c4be,Tori Nguyen,2025-10-16,15:41:24,-07:00,2025-10-16T15:41:24-07:00,3,7
global.js,60,js,0b52c4be,Tori Nguyen,2025-10-16,15:41:24,-07:00,2025-10-16T15:41:24-07:00,2,8
global.js,61,js,0b52c4be,Tori Nguyen,2025-10-16,15:41:24,-07:00,2025-10-16T15:41:24-07:00,0,0
global.js,62,js,0b52c4be,Tori Nguyen,2025-10-16,15:41:24,-07:00,2025-10-16T15:41:24-07:00,0,0
global.js,63,js,0b52c4be,Tori Nguyen,2025-10-16,15:41:24,-07:00,2025-10-16T15:41:24-07:00,0,63
global.js,64,js,0b52c4be,Tori Nguyen,2025-10-16,15:41:24,-07:00,2025-10-16T15:41:24-07:00,0,0
global.js,65,js,0b52c4be,Tori Nguyen,2025-10-16,15:41:24,-07:00,2025-10-16T15:41:24-07:00,0,34
global.js,66,js,0b52c4be,Tori Nguyen,2025-10-16,15:41:24,-07:00,2025-10-16T15:41:24-07:00,1,50
global.js,67,js,0b52c4be,Tori Nguyen,2025-10-16,15:41:24,-07:00,2025-10-16T15:41:24-07:00,1,23
global.js,68,js,faec2714,Tori Nguyen,2025-10-17,15:59:32,-07:00,2025-10-17T15:59:32-07:00,1,71
global.js,69,js,0b52c4be,Tori Nguyen,2025-10-16,15:41:24,-07:00,2025-10-16T15:41:24-07:00,0,0
global.js,70,js,0b52c4be,Tori Nguyen,2025-10-16,15:41:24,-07:00,2025-10-16T15:41:24-07:00,0,0
global.js,71,js,0b52c4be,Tori Nguyen,2025-10-16,15:41:24,-07:00,2025-10-16T15:41:24-07:00,0,49
global.js,72,js,0b52c4be,Tori Nguyen,2025-10-16,15:41:24,-07:00,2025-10-16T15:41:24-07:00,1,57
global.js,73,js,0b52c4be,Tori Nguyen,2025-10-16,15:41:24,-07:00,2025-10-16T15:41:24-07:00,1,77
global.js,74,js,0b52c4be,Tori Nguyen,2025-10-16,15:41:24,-07:00,2025-10-16T15:41:24-07:00,1,44
global.js,75,js,0b52c4be,Tori Nguyen,2025-10-16,15:41:24,-07:00,2025-10-16T15:41:24-07:00,0,1
global.js,76,js,0b52c4be,Tori Nguyen,2025-10-16,15:41:24,-07:00,2025-10-16T15:41:24-07:00,0,0
global.js,77,js,ef1f820f,Tori Nguyen,2025-10-23,23:02:15,-07:00,2025-10-23T23:02:15-07:00,0,101
global.js,78,js,ccbc1187,Tori Nguyen,2025-10-23,22:53:59,-07:00,2025-10-23T22:53:59-07:00,0,91
global.js,79,js,ccbc1187,Tori Nguyen,2025-10-23,22:53:59,-07:00,2025-10-23T22:53:59-07:00,0,0
global.js,80,js,ccbc1187,Tori Nguyen,2025-10-23,22:53:59,-07:00,2025-10-23T22:53:59-07:00,0,36
global.js,81,js,ccbc1187,Tori Nguyen,2025-10-23,22:53:59,-07:00,2025-10-23T22:53:59-07:00,0,36
global.js,82,js,ccbc1187,Tori Nguyen,2025-10-23,22:53:59,-07:00,2025-10-23T22:53:59-07:00,1,3
global.js,83,js,ccbc1187,Tori Nguyen,2025-10-23,22:53:59,-07:00,2025-10-23T22:53:59-07:00,2,32
global.js,84,js,ccbc1187,Tori Nguyen,2025-10-23,22:53:59,-07:00,2025-10-23T22:53:59-07:00,2,17
global.js,85,js,ccbc1187,Tori Nguyen,2025-10-23,22:53:59,-07:00,2025-10-23T22:53:59-07:00,3,66
global.js,86,js,ccbc1187,Tori Nguyen,2025-10-23,22:53:59,-07:00,2025-10-23T22:53:59-07:00,2,0
global.js,87,js,4beda6cd,Tori Nguyen,2025-10-24,15:10:04,-07:00,2025-10-24T15:10:04-07:00,2,20
global.js,88,js,ccbc1187,Tori Nguyen,2025-10-23,22:53:59,-07:00,2025-10-23T22:53:59-07:00,2,33
global.js,89,js,ccbc1187,Tori Nguyen,2025-10-23,22:53:59,-07:00,2025-10-23T22:53:59-07:00,2,10
global.js,90,js,ccbc1187,Tori Nguyen,2025-10-23,22:53:59,-07:00,2025-10-23T22:53:59-07:00,1,15
global.js,91,js,ccbc1187,Tori Nguyen,2025-10-23,22:53:59,-07:00,2025-10-23T22:53:59-07:00,2,59
global.js,92,js,ccbc1187,Tori Nguyen,2025-10-23,22:53:59,-07:00,2025-10-23T22:53:59-07:00,1,0
global.js,93,js,ccbc1187,Tori Nguyen,2025-10-23,22:53:59,-07:00,2025-10-23T22:53:59-07:00,0,0
global.js,94,js,ccbc1187,Tori Nguyen,2025-10-23,22:53:59,-07:00,2025-10-23T22:53:59-07:00,0,0
global.js,95,js,ccbc1187,Tori Nguyen,2025-10-23,22:53:59,-07:00,2025-10-23T22:53:59-07:00,0,71
global.js,96,js,8e9bc714,Tori Nguyen,2025-10-24,20:44:02,-07:00,2025-10-24T20:44:02-07:00,0,74
global.js,97,js,ccbc1187,Tori Nguyen,2025-10-23,22:53:59,-07:00,2025-10-23T22:53:59-07:00,0,78
global.js,98,js,ccbc1187,Tori Nguyen,2025-10-23,22:53:59,-07:00,2025-10-23T22:53:59-07:00,1,42
global.js,99,js,ccbc1187,Tori Nguyen,2025-10-23,22:53:59,-07:00,2025-10-23T22:53:59-07:00,1,30
global.js,100,js,ccbc1187,Tori Nguyen,2025-10-23,22:53:59,-07:00,2025-10-23T22:53:59-07:00,0,0
global.js,101,js,8e9bc714,Tori Nguyen,2025-10-24,20:44:02,-07:00,2025-10-24T20:44:02-07:00,1,30
global.js,102,js,ccbc1187,Tori Nguyen,2025-10-23,22:53:59,-07:00,2025-10-23T22:53:59-07:00,2,48
global.js,103,js,ccbc1187,Tori Nguyen,2025-10-23,22:53:59,-07:00,2025-10-23T22:53:59-07:00,0,0
global.js,104,js,ccbc1187,Tori Nguyen,2025-10-23,22:53:59,-07:00,2025-10-23T22:53:59-07:00,2,19
global.js,105,js,0fafbd4f,Tori Nguyen,2025-10-23,23:12:36,-07:00,2025-10-23T23:12:36-07:00,2,23
global.js,106,js,0fafbd4f,Tori Nguyen,2025-10-23,23:12:36,-07:00,2025-10-23T23:12:36-07:00,2,49
global.js,107,js,0d2c78c6,Tori Nguyen,2025-10-28,23:42:44,-07:00,2025-10-28T23:42:44-07:00,2,3
global.js,108,js,0d2c78c6,Tori Nguyen,2025-10-28,23:42:44,-07:00,2025-10-28T23:42:44-07:00,3,27
global.js,109,js,0d2c78c6,Tori Nguyen,2025-10-28,23:42:44,-07:00,2025-10-28T23:42:44-07:00,3,20
global.js,110,js,0d2c78c6,Tori Nguyen,2025-10-28,23:42:44,-07:00,2025-10-28T23:42:44-07:00,2,4
global.js,111,js,ccbc1187,Tori Nguyen,2025-10-23,22:53:59,-07:00,2025-10-23T22:53:59-07:00,2,0
global.js,112,js,ccbc1187,Tori Nguyen,2025-10-23,22:53:59,-07:00,2025-10-23T22:53:59-07:00,0,0
global.js,113,js,ccbc1187,Tori Nguyen,2025-10-23,22:53:59,-07:00,2025-10-23T22:53:59-07:00,2,36
global.js,114,js,ccbc1187,Tori Nguyen,2025-10-23,22:53:59,-07:00,2025-10-23T22:53:59-07:00,2,61
global.js,115,js,ccbc1187,Tori Nguyen,2025-10-23,22:53:59,-07:00,2025-10-23T22:53:59-07:00,2,54
global.js,116,js,ccbc1187,Tori Nguyen,2025-10-23,22:53:59,-07:00,2025-10-23T22:53:59-07:00,1,0
global.js,117,js,ccbc1187,Tori Nguyen,2025-10-23,22:53:59,-07:00,2025-10-23T22:53:59-07:00,0,0
global.js,118,js,0b52c4be,Tori Nguyen,2025-10-16,15:41:24,-07:00,2025-10-16T15:41:24-07:00,0,0
global.js,119,js,8e9bc714,Tori Nguyen,2025-10-24,20:44:02,-07:00,2025-10-24T20:44:02-07:00,0,19
global.js,120,js,8e9bc714,Tori Nguyen,2025-10-24,20:44:02,-07:00,2025-10-24T20:44:02-07:00,0,47
global.js,121,js,8e9bc714,Tori Nguyen,2025-10-24,20:44:02,-07:00,2025-10-24T20:44:02-07:00,1,59
global.js,122,js,8e9bc714,Tori Nguyen,2025-10-24,20:44:02,-07:00,2025-10-24T20:44:02-07:00,0,0
global.js,123,js,8e9bc714,Tori Nguyen,2025-10-24,20:44:02,-07:00,2025-10-24T20:44:02-07:00,0,0
projects/projects.js,1,js,ccbc1187,Tori Nguyen,2025-10-23,22:53:59,-07:00,2025-10-23T22:53:59-07:00,0,55
projects/projects.js,2,js,0d2c78c6,Tori Nguyen,2025-10-28,23:42:44,-07:00,2025-10-28T23:42:44-07:00,0,63
projects/projects.js,3,js,0d2c78c6,Tori Nguyen,2025-10-28,23:42:44,-07:00,2025-10-28T23:42:44-07:00,0,0
projects/projects.js,4,js,ccbc1187,Tori Nguyen,2025-10-23,22:53:59,-07:00,2025-10-23T22:53:59-07:00,0,55
projects/projects.js,5,js,ccbc1187,Tori Nguyen,2025-10-23,22:53:59,-07:00,2025-10-23T22:53:59-07:00,0,0
projects/projects.js,6,js,ccbc1187,Tori Nguyen,2025-10-23,22:53:59,-07:00,2025-10-23T22:53:59-07:00,0,60
projects/projects.js,7,js,8e9bc714,Tori Nguyen,2025-10-24,20:44:02,-07:00,2025-10-24T20:44:02-07:00,0,48
projects/projects.js,8,js,8e9bc714,Tori Nguyen,2025-10-24,20:44:02,-07:00,2025-10-24T20:44:02-07:00,0,0
projects/projects.js,9,js,8e9bc714,Tori Nguyen,2025-10-24,20:44:02,-07:00,2025-10-24T20:44:02-07:00,0,57
projects/projects.js,10,js,0d2c78c6,Tori Nguyen,2025-10-28,23:42:44,-07:00,2025-10-28T23:42:44-07:00,0,51
projects/projects.js,11,js,0d2c78c6,Tori Nguyen,2025-10-28,23:42:44,-07:00,2025-10-28T23:42:44-07:00,0,0
projects/projects.js,12,js,0d2c78c6,Tori Nguyen,2025-10-28,23:42:44,-07:00,2025-10-28T23:42:44-07:00,0,95
projects/projects.js,13,js,1862bbcc,Tori Nguyen,2025-10-29,20:15:44,-07:00,2025-10-29T20:15:44-07:00,0,17
projects/projects.js,14,js,0d2c78c6,Tori Nguyen,2025-10-28,23:42:44,-07:00,2025-10-28T23:42:44-07:00,0,0
projects/projects.js,15,js,1862bbcc,Tori Nguyen,2025-10-29,20:15:44,-07:00,2025-10-29T20:15:44-07:00,0,0
projects/projects.js,16,js,1862bbcc,Tori Nguyen,2025-10-29,20:15:44,-07:00,2025-10-29T20:15:44-07:00,0,31
projects/projects.js,17,js,1862bbcc,Tori Nguyen,2025-10-29,20:15:44,-07:00,2025-10-29T20:15:44-07:00,0,85
projects/projects.js,18,js,1862bbcc,Tori Nguyen,2025-10-29,20:15:44,-07:00,2025-10-29T20:15:44-07:00,0,50
projects/projects.js,19,js,1862bbcc,Tori Nguyen,2025-10-29,20:15:44,-07:00,2025-10-29T20:15:44-07:00,0,65
projects/projects.js,20,js,1862bbcc,Tori Nguyen,2025-10-29,20:15:44,-07:00,2025-10-29T20:15:44-07:00,0,0
projects/projects.js,21,js,1862bbcc,Tori Nguyen,2025-10-29,20:15:44,-07:00,2025-10-29T20:15:44-07:00,0,0
projects/projects.js,22,js,c41b0508,Tori Nguyen,2025-10-29,22:00:11,-07:00,2025-10-29T22:00:11-07:00,0,0
projects/projects.js,23,js,1862bbcc,Tori Nguyen,2025-10-29,20:15:44,-07:00,2025-10-29T20:15:44-07:00,0,44
projects/projects.js,24,js,1862bbcc,Tori Nguyen,2025-10-29,20:15:44,-07:00,2025-10-29T20:15:44-07:00,1,35
projects/projects.js,25,js,1862bbcc,Tori Nguyen,2025-10-29,20:15:44,-07:00,2025-10-29T20:15:44-07:00,0,1
projects/projects.js,26,js,1862bbcc,Tori Nguyen,2025-10-29,20:15:44,-07:00,2025-10-29T20:15:44-07:00,0,0
projects/projects.js,27,js,1862bbcc,Tori Nguyen,2025-10-29,20:15:44,-07:00,2025-10-29T20:15:44-07:00,0,147
projects/projects.js,28,js,1862bbcc,Tori Nguyen,2025-10-29,20:15:44,-07:00,2025-10-29T20:15:44-07:00,0,99
projects/projects.js,29,js,1862bbcc,Tori Nguyen,2025-10-29,20:15:44,-07:00,2025-10-29T20:15:44-07:00,0,33
projects/projects.js,30,js,1862bbcc,Tori Nguyen,2025-10-29,20:15:44,-07:00,2025-10-29T20:15:44-07:00,0,124
projects/projects.js,31,js,c41b0508,Tori Nguyen,2025-10-29,22:00:11,-07:00,2025-10-29T22:00:11-07:00,0,0
projects/projects.js,32,js,1862bbcc,Tori Nguyen,2025-10-29,20:15:44,-07:00,2025-10-29T20:15:44-07:00,0,0
projects/projects.js,33,js,c41b0508,Tori Nguyen,2025-10-29,22:00:11,-07:00,2025-10-29T22:00:11-07:00,0,0
projects/projects.js,34,js,c41b0508,Tori Nguyen,2025-10-29,22:00:11,-07:00,2025-10-29T22:00:11-07:00,0,22
projects/projects.js,35,js,1862bbcc,Tori Nguyen,2025-10-29,20:15:44,-07:00,2025-10-29T20:15:44-07:00,0,26
projects/projects.js,36,js,1862bbcc,Tori Nguyen,2025-10-29,20:15:44,-07:00,2025-10-29T20:15:44-07:00,2,14
projects/projects.js,37,js,1862bbcc,Tori Nguyen,2025-10-29,20:15:44,-07:00,2025-10-29T20:15:44-07:00,3,13
projects/projects.js,38,js,1862bbcc,Tori Nguyen,2025-10-29,20:15:44,-07:00,2025-10-29T20:15:44-07:00,3,13
projects/projects.js,39,js,1862bbcc,Tori Nguyen,2025-10-29,20:15:44,-07:00,2025-10-29T20:15:44-07:00,3,92
projects/projects.js,40,js,1862bbcc,Tori Nguyen,2025-10-29,20:15:44,-07:00,2025-10-29T20:15:44-07:00,0,1
projects/projects.js,41,js,1862bbcc,Tori Nguyen,2025-10-29,20:15:44,-07:00,2025-10-29T20:15:44-07:00,0,0
projects/projects.js,42,js,1862bbcc,Tori Nguyen,2025-10-29,20:15:44,-07:00,2025-10-29T20:15:44-07:00,0,32
projects/projects.js,43,js,1862bbcc,Tori Nguyen,2025-10-29,20:15:44,-07:00,2025-10-29T20:15:44-07:00,0,24
projects/projects.js,44,js,1862bbcc,Tori Nguyen,2025-10-29,20:15:44,-07:00,2025-10-29T20:15:44-07:00,1,4
projects/projects.js,45,js,1862bbcc,Tori Nguyen,2025-10-29,20:15:44,-07:00,2025-10-29T20:15:44-07:00,2,11
projects/projects.js,46,js,1862bbcc,Tori Nguyen,2025-10-29,20:15:44,-07:00,2025-10-29T20:15:44-07:00,2,93
projects/projects.js,47,js,1862bbcc,Tori Nguyen,2025-10-29,20:15:44,-07:00,2025-10-29T20:15:44-07:00,2,27
projects/projects.js,48,js,1862bbcc,Tori Nguyen,2025-10-29,20:15:44,-07:00,2025-10-29T20:15:44-07:00,2,99
projects/projects.js,49,js,1862bbcc,Tori Nguyen,2025-10-29,20:15:44,-07:00,2025-10-29T20:15:44-07:00,0,1
projects/projects.js,50,js,c41b0508,Tori Nguyen,2025-10-29,22:00:11,-07:00,2025-10-29T22:00:11-07:00,0,0
projects/projects.js,51,js,c41b0508,Tori Nguyen,2025-10-29,22:00:11,-07:00,2025-10-29T22:00:11-07:00,0,0
projects/projects.js,52,js,1a839a93,Tori Nguyen,2025-10-31,19:14:58,-07:00,2025-10-31T19:14:58-07:00,0,51
projects/projects.js,53,js,1a839a93,Tori Nguyen,2025-10-31,19:14:58,-07:00,2025-10-31T19:14:58-07:00,0,28
projects/projects.js,54,js,1a839a93,Tori Nguyen,2025-10-31,19:14:58,-07:00,2025-10-31T19:14:58-07:00,0,57
projects/projects.js,55,js,1a839a93,Tori Nguyen,2025-10-31,19:14:58,-07:00,2025-10-31T19:14:58-07:00,0,0
projects/projects.js,56,js,c41b0508,Tori Nguyen,2025-10-29,22:00:11,-07:00,2025-10-29T22:00:11-07:00,0,47
projects/projects.js,57,js,1a839a93,Tori Nguyen,2025-10-31,19:14:58,-07:00,2025-10-31T19:14:58-07:00,0,21
projects/projects.js,58,js,1a839a93,Tori Nguyen,2025-10-31,19:14:58,-07:00,2025-10-31T19:14:58-07:00,0,22
projects/projects.js,59,js,c41b0508,Tori Nguyen,2025-10-29,22:00:11,-07:00,2025-10-29T22:00:11-07:00,0,0
projects/projects.js,60,js,c41b0508,Tori Nguyen,2025-10-29,22:00:11,-07:00,2025-10-29T22:00:11-07:00,0,38
projects/projects.js,61,js,c41b0508,Tori Nguyen,2025-10-29,22:00:11,-07:00,2025-10-29T22:00:11-07:00,1,25
projects/projects.js,62,js,1a839a93,Tori Nguyen,2025-10-31,19:14:58,-07:00,2025-10-31T19:14:58-07:00,1,29
projects/projects.js,63,js,c41b0508,Tori Nguyen,2025-10-29,22:00:11,-07:00,2025-10-29T22:00:11-07:00,2,12
projects/projects.js,64,js,c41b0508,Tori Nguyen,2025-10-29,22:00:11,-07:00,2025-10-29T22:00:11-07:00,2,14
projects/projects.js,65,js,c41b0508,Tori Nguyen,2025-10-29,22:00:11,-07:00,2025-10-29T22:00:11-07:00,2,12
projects/projects.js,66,js,c41b0508,Tori Nguyen,2025-10-29,22:00:11,-07:00,2025-10-29T22:00:11-07:00,1,0
projects/projects.js,67,js,c41b0508,Tori Nguyen,2025-10-29,22:00:11,-07:00,2025-10-29T22:00:11-07:00,0,0
projects/projects.js,68,js,c41b0508,Tori Nguyen,2025-10-29,22:00:11,-07:00,2025-10-29T22:00:11-07:00,1,18
projects/projects.js,69,js,1a839a93,Tori Nguyen,2025-10-31,19:14:58,-07:00,2025-10-31T19:14:58-07:00,1,79
projects/projects.js,70,js,c41b0508,Tori Nguyen,2025-10-29,22:00:11,-07:00,2025-10-29T22:00:11-07:00,2,43
projects/projects.js,71,js,c41b0508,Tori Nguyen,2025-10-29,22:00:11,-07:00,2025-10-29T22:00:11-07:00,1,1
projects/projects.js,72,js,c41b0508,Tori Nguyen,2025-10-29,22:00:11,-07:00,2025-10-29T22:00:11-07:00,1,50
projects/projects.js,73,js,c41b0508,Tori Nguyen,2025-10-29,22:00:11,-07:00,2025-10-29T22:00:11-07:00,1,54
projects/projects.js,74,js,c41b0508,Tori Nguyen,2025-10-29,22:00:11,-07:00,2025-10-29T22:00:11-07:00,1,42
projects/projects.js,75,js,c41b0508,Tori Nguyen,2025-10-29,22:00:11,-07:00,2025-10-29T22:00:11-07:00,1,51
projects/projects.js,76,js,c41b0508,Tori Nguyen,2025-10-29,22:00:11,-07:00,2025-10-29T22:00:11-07:00,0,0
projects/projects.js,77,js,c41b0508,Tori Nguyen,2025-10-29,22:00:11,-07:00,2025-10-29T22:00:11-07:00,1,33
projects/projects.js,78,js,c41b0508,Tori Nguyen,2025-10-29,22:00:11,-07:00,2025-10-29T22:00:11-07:00,1,28
projects/projects.js,79,js,c41b0508,Tori Nguyen,2025-10-29,22:00:11,-07:00,2025-10-29T22:00:11-07:00,1,32
projects/projects.js,80,js,c41b0508,Tori Nguyen,2025-10-29,22:00:11,-07:00,2025-10-29T22:00:11-07:00,1,35
projects/projects.js,81,js,c41b0508,Tori Nguyen,2025-10-29,22:00:11,-07:00,2025-10-29T22:00:11-07:00,1,33
projects/projects.js,82,js,c41b0508,Tori Nguyen,2025-10-29,22:00:11,-07:00,2025-10-29T22:00:11-07:00,0,0
projects/projects.js,83,js,c41b0508,Tori Nguyen,2025-10-29,22:00:11,-07:00,2025-10-29T22:00:11-07:00,1,53
projects/projects.js,84,js,c41b0508,Tori Nguyen,2025-10-29,22:00:11,-07:00,2025-10-29T22:00:11-07:00,1,29
projects/projects.js,85,js,c41b0508,Tori Nguyen,2025-10-29,22:00:11,-07:00,2025-10-29T22:00:11-07:00,2,4
projects/projects.js,86,js,c41b0508,Tori Nguyen,2025-10-29,22:00:11,-07:00,2025-10-29T22:00:11-07:00,3,13
projects/projects.js,87,js,c41b0508,Tori Nguyen,2025-10-29,22:00:11,-07:00,2025-10-29T22:00:11-07:00,3,13
projects/projects.js,88,js,c41b0508,Tori Nguyen,2025-10-29,22:00:11,-07:00,2025-10-29T22:00:11-07:00,3,92
projects/projects.js,89,js,1a839a93,Tori Nguyen,2025-10-31,19:14:58,-07:00,2025-10-31T19:14:58-07:00,3,18
projects/projects.js,90,js,1a839a93,Tori Nguyen,2025-10-31,19:14:58,-07:00,2025-10-31T19:14:58-07:00,4,47
projects/projects.js,91,js,1a839a93,Tori Nguyen,2025-10-31,19:14:58,-07:00,2025-10-31T19:14:58-07:00,4,83
projects/projects.js,92,js,1a839a93,Tori Nguyen,2025-10-31,19:14:58,-07:00,2025-10-31T19:14:58-07:00,0,0
projects/projects.js,93,js,1a839a93,Tori Nguyen,2025-10-31,19:14:58,-07:00,2025-10-31T19:14:58-07:00,4,4
projects/projects.js,94,js,1a839a93,Tori Nguyen,2025-10-31,19:14:58,-07:00,2025-10-31T19:14:58-07:00,5,16
projects/projects.js,95,js,1a839a93,Tori Nguyen,2025-10-31,19:14:58,-07:00,2025-10-31T19:14:58-07:00,5,75
projects/projects.js,96,js,1a839a93,Tori Nguyen,2025-10-31,19:14:58,-07:00,2025-10-31T19:14:58-07:00,5,24
projects/projects.js,97,js,1a839a93,Tori Nguyen,2025-10-31,19:14:58,-07:00,2025-10-31T19:14:58-07:00,6,78
projects/projects.js,98,js,1a839a93,Tori Nguyen,2025-10-31,19:14:58,-07:00,2025-10-31T19:14:58-07:00,6,60
projects/projects.js,99,js,1a839a93,Tori Nguyen,2025-10-31,19:14:58,-07:00,2025-10-31T19:14:58-07:00,5,1
projects/projects.js,100,js,1a839a93,Tori Nguyen,2025-10-31,19:14:58,-07:00,2025-10-31T19:14:58-07:00,4,7
projects/projects.js,101,js,1a839a93,Tori Nguyen,2025-10-31,19:14:58,-07:00,2025-10-31T19:14:58-07:00,5,14
projects/projects.js,102,js,1a839a93,Tori Nguyen,2025-10-31,19:14:58,-07:00,2025-10-31T19:14:58-07:00,5,24
projects/projects.js,103,js,1a839a93,Tori Nguyen,2025-10-31,19:14:58,-07:00,2025-10-31T19:14:58-07:00,6,60
projects/projects.js,104,js,1a839a93,Tori Nguyen,2025-10-31,19:14:58,-07:00,2025-10-31T19:14:58-07:00,5,1
projects/projects.js,105,js,1a839a93,Tori Nguyen,2025-10-31,19:14:58,-07:00,2025-10-31T19:14:58-07:00,0,0
projects/projects.js,106,js,1a839a93,Tori Nguyen,2025-10-31,19:14:58,-07:00,2025-10-31T19:14:58-07:00,4,25
projects/projects.js,107,js,1a839a93,Tori Nguyen,2025-10-31,19:14:58,-07:00,2025-10-31T19:14:58-07:00,5,53
projects/projects.js,108,js,1a839a93,Tori Nguyen,2025-10-31,19:14:58,-07:00,2025-10-31T19:14:58-07:00,4,6
projects/projects.js,109,js,1a839a93,Tori Nguyen,2025-10-31,19:14:58,-07:00,2025-10-31T19:14:58-07:00,5,38
projects/projects.js,110,js,1a839a93,Tori Nguyen,2025-10-31,19:14:58,-07:00,2025-10-31T19:14:58-07:00,5,56
projects/projects.js,111,js,1a839a93,Tori Nguyen,2025-10-31,19:14:58,-07:00,2025-10-31T19:14:58-07:00,6,27
projects/projects.js,112,js,1a839a93,Tori Nguyen,2025-10-31,19:14:58,-07:00,2025-10-31T19:14:58-07:00,5,1
projects/projects.js,113,js,1a839a93,Tori Nguyen,2025-10-31,19:14:58,-07:00,2025-10-31T19:14:58-07:00,5,56
projects/projects.js,114,js,1a839a93,Tori Nguyen,2025-10-31,19:14:58,-07:00,2025-10-31T19:14:58-07:00,4,0
projects/projects.js,115,js,1a839a93,Tori Nguyen,2025-10-31,19:14:58,-07:00,2025-10-31T19:14:58-07:00,3,1
projects/projects.js,116,js,c41b0508,Tori Nguyen,2025-10-29,22:00:11,-07:00,2025-10-29T22:00:11-07:00,1,1
projects/projects.js,117,js,c41b0508,Tori Nguyen,2025-10-29,22:00:11,-07:00,2025-10-29T22:00:11-07:00,0,0
projects/projects.js,118,js,c41b0508,Tori Nguyen,2025-10-29,22:00:11,-07:00,2025-10-29T22:00:11-07:00,1,27
projects/projects.js,119,js,c41b0508,Tori Nguyen,2025-10-29,22:00:11,-07:00,2025-10-29T22:00:11-07:00,2,7
projects/projects.js,120,js,c41b0508,Tori Nguyen,2025-10-29,22:00:11,-07:00,2025-10-29T22:00:11-07:00,3,11
projects/projects.js,121,js,c41b0508,Tori Nguyen,2025-10-29,22:00:11,-07:00,2025-10-29T22:00:11-07:00,3,93
projects/projects.js,122,js,c41b0508,Tori Nguyen,2025-10-29,22:00:11,-07:00,2025-10-29T22:00:11-07:00,3,27
projects/projects.js,123,js,1a839a93,Tori Nguyen,2025-10-31,19:14:58,-07:00,2025-10-31T19:14:58-07:00,3,98
projects/projects.js,124,js,1a839a93,Tori Nguyen,2025-10-31,19:14:58,-07:00,2025-10-31T19:14:58-07:00,1,1
projects/projects.js,125,js,c41b0508,Tori Nguyen,2025-10-29,22:00:11,-07:00,2025-10-29T22:00:11-07:00,0,0
projects/projects.js,126,js,c41b0508,Tori Nguyen,2025-10-29,22:00:11,-07:00,2025-10-29T22:00:11-07:00,0,0
projects/projects.js,127,js,c41b0508,Tori Nguyen,2025-10-29,22:00:11,-07:00,2025-10-29T22:00:11-07:00,0,32
projects/projects.js,128,js,c41b0508,Tori Nguyen,2025-10-29,22:00:11,-07:00,2025-10-29T22:00:11-07:00,0,23
projects/projects.js,129,js,1862bbcc,Tori Nguyen,2025-10-29,20:15:44,-07:00,2025-10-29T20:15:44-07:00,0,0
projects/projects.js,130,js,1862bbcc,Tori Nguyen,2025-10-29,20:15:44,-07:00,2025-10-29T20:15:44-07:00,0,13
projects/projects.js,131,js,1862bbcc,Tori Nguyen,2025-10-29,20:15:44,-07:00,2025-10-29T20:15:44-07:00,0,53
projects/projects.js,132,js,1862bbcc,Tori Nguyen,2025-10-29,20:15:44,-07:00,2025-10-29T20:15:44-07:00,0,0
projects/projects.js,133,js,1862bbcc,Tori Nguyen,2025-10-29,20:15:44,-07:00,2025-10-29T20:15:44-07:00,0,48
projects/projects.js,134,js,1862bbcc,Tori Nguyen,2025-10-29,20:15:44,-07:00,2025-10-29T20:15:44-07:00,1,25
projects/projects.js,135,js,1862bbcc,Tori Nguyen,2025-10-29,20:15:44,-07:00,2025-10-29T20:15:44-07:00,0,0
projects/projects.js,136,js,1862bbcc,Tori Nguyen,2025-10-29,20:15:44,-07:00,2025-10-29T20:15:44-07:00,1,51
projects/projects.js,137,js,1862bbcc,Tori Nguyen,2025-10-29,20:15:44,-07:00,2025-10-29T20:15:44-07:00,2,59
projects/projects.js,138,js,1a839a93,Tori Nguyen,2025-10-31,19:14:58,-07:00,2025-10-31T19:14:58-07:00,2,49
projects/projects.js,139,js,1862bbcc,Tori Nguyen,2025-10-29,20:15:44,-07:00,2025-10-29T20:15:44-07:00,1,1
projects/projects.js,140,js,1862bbcc,Tori Nguyen,2025-10-29,20:15:44,-07:00,2025-10-29T20:15:44-07:00,0,0
projects/projects.js,141,js,1a839a93,Tori Nguyen,2025-10-31,19:14:58,-07:00,2025-10-31T19:14:58-07:00,1,25
projects/projects.js,142,js,1a839a93,Tori Nguyen,2025-10-31,19:14:58,-07:00,2025-10-31T19:14:58-07:00,2,55
projects/projects.js,143,js,1a839a93,Tori Nguyen,2025-10-31,19:14:58,-07:00,2025-10-31T19:14:58-07:00,3,51
projects/projects.js,144,js,1a839a93,Tori Nguyen,2025-10-31,19:14:58,-07:00,2025-10-31T19:14:58-07:00,2,1
projects/projects.js,145,js,1a839a93,Tori Nguyen,2025-10-31,19:14:58,-07:00,2025-10-31T19:14:58-07:00,1,0
projects/projects.js,146,js,1a839a93,Tori Nguyen,2025-10-31,19:14:58,-07:00,2025-10-31T19:14:58-07:00,0,0
projects/projects.js,147,js,c41b0508,Tori Nguyen,2025-10-29,22:00:11,-07:00,2025-10-29T22:00:11-07:00,1,52
projects/projects.js,148,js,1862bbcc,Tori Nguyen,2025-10-29,20:15:44,-07:00,2025-10-29T20:15:44-07:00,1,56
projects/projects.js,149,js,c41b0508,Tori Nguyen,2025-10-29,22:00:11,-07:00,2025-10-29T22:00:11-07:00,1,31
projects/projects.js,150,js,1a839a93,Tori Nguyen,2025-10-31,19:14:58,-07:00,2025-10-31T19:14:58-07:00,0,1
projects/index.html,1,html,91bad65e,Tori Nguyen,2025-09-30,23:42:04,-07:00,2025-09-30T23:42:04-07:00,0,13
projects/index.html,2,html,91bad65e,Tori Nguyen,2025-09-30,23:42:04,-07:00,2025-09-30T23:42:04-07:00,0,14
projects/index.html,3,html,91bad65e,Tori Nguyen,2025-09-30,23:42:04,-07:00,2025-09-30T23:42:04-07:00,0,4
projects/index.html,4,html,91bad65e,Tori Nguyen,2025-09-30,23:42:04,-07:00,2025-09-30T23:42:04-07:00,2,20
projects/index.html,5,html,91bad65e,Tori Nguyen,2025-09-30,23:42:04,-07:00,2025-09-30T23:42:04-07:00,2,68
projects/index.html,6,html,91bad65e,Tori Nguyen,2025-09-30,23:42:04,-07:00,2025-09-30T23:42:04-07:00,2,53
projects/index.html,7,html,18b42260,Tori Nguyen,2025-10-09,00:10:14,-07:00,2025-10-09T00:10:14-07:00,2,41
projects/index.html,8,html,91bad65e,Tori Nguyen,2025-09-30,23:42:04,-07:00,2025-09-30T23:42:04-07:00,0,5
projects/index.html,9,html,91bad65e,Tori Nguyen,2025-09-30,23:42:04,-07:00,2025-09-30T23:42:04-07:00,0,4
projects/index.html,10,html,8e9bc714,Tori Nguyen,2025-10-24,20:44:02,-07:00,2025-10-24T20:44:02-07:00,2,30
projects/index.html,11,html,0d2c78c6,Tori Nguyen,2025-10-28,23:42:44,-07:00,2025-10-28T23:42:44-07:00,0,0
projects/index.html,12,html,1862bbcc,Tori Nguyen,2025-10-29,20:15:44,-07:00,2025-10-29T20:15:44-07:00,2,21
projects/index.html,13,html,1862bbcc,Tori Nguyen,2025-10-29,20:15:44,-07:00,2025-10-29T20:15:44-07:00,4,58
projects/index.html,14,html,1862bbcc,Tori Nguyen,2025-10-29,20:15:44,-07:00,2025-10-29T20:15:44-07:00,4,58
projects/index.html,15,html,1862bbcc,Tori Nguyen,2025-10-29,20:15:44,-07:00,2025-10-29T20:15:44-07:00,4,22
projects/index.html,16,html,1862bbcc,Tori Nguyen,2025-10-29,20:15:44,-07:00,2025-10-29T20:15:44-07:00,2,4
projects/index.html,17,html,1862bbcc,Tori Nguyen,2025-10-29,20:15:44,-07:00,2025-10-29T20:15:44-07:00,0,0
projects/index.html,18,html,1862bbcc,Tori Nguyen,2025-10-29,20:15:44,-07:00,2025-10-29T20:15:44-07:00,2,4
projects/index.html,19,html,1862bbcc,Tori Nguyen,2025-10-29,20:15:44,-07:00,2025-10-29T20:15:44-07:00,4,15
projects/index.html,20,html,1862bbcc,Tori Nguyen,2025-10-29,20:15:44,-07:00,2025-10-29T20:15:44-07:00,4,11
projects/index.html,21,html,1862bbcc,Tori Nguyen,2025-10-29,20:15:44,-07:00,2025-10-29T20:15:44-07:00,4,26
projects/index.html,22,html,1862bbcc,Tori Nguyen,2025-10-29,20:15:44,-07:00,2025-10-29T20:15:44-07:00,4,31
projects/index.html,23,html,1862bbcc,Tori Nguyen,2025-10-29,20:15:44,-07:00,2025-10-29T20:15:44-07:00,2,0
projects/index.html,24,html,0d2c78c6,Tori Nguyen,2025-10-28,23:42:44,-07:00,2025-10-28T23:42:44-07:00,0,0
projects/index.html,25,html,8789459b,Tori Nguyen,2025-10-14,22:56:44,-07:00,2025-10-14T22:56:44-07:00,2,48
projects/index.html,26,html,ef1f820f,Tori Nguyen,2025-10-23,23:02:15,-07:00,2025-10-23T23:02:15-07:00,0,0
projects/index.html,27,html,4beda6cd,Tori Nguyen,2025-10-24,15:10:04,-07:00,2025-10-24T15:10:04-07:00,2,26
projects/index.html,28,html,4beda6cd,Tori Nguyen,2025-10-24,15:10:04,-07:00,2025-10-24T15:10:04-07:00,0,0
projects/index.html,29,html,4beda6cd,Tori Nguyen,2025-10-24,15:10:04,-07:00,2025-10-24T15:10:04-07:00,2,47
projects/index.html,30,html,4beda6cd,Tori Nguyen,2025-10-24,15:10:04,-07:00,2025-10-24T15:10:04-07:00,0,0
projects/index.html,31,html,91bad65e,Tori Nguyen,2025-09-30,23:42:04,-07:00,2025-09-30T23:42:04-07:00,0,5
projects/index.html,32,html,91bad65e,Tori Nguyen,2025-09-30,23:42:04,-07:00,2025-09-30T23:42:04-07:00,0,5
contact/index.html,1,html,91bad65e,Tori Nguyen,2025-09-30,23:42:04,-07:00,2025-09-30T23:42:04-07:00,0,13
contact/index.html,2,html,91bad65e,Tori Nguyen,2025-09-30,23:42:04,-07:00,2025-09-30T23:42:04-07:00,0,14
contact/index.html,3,html,91bad65e,Tori Nguyen,2025-09-30,23:42:04,-07:00,2025-09-30T23:42:04-07:00,0,4
contact/index.html,4,html,91bad65e,Tori Nguyen,2025-09-30,23:42:04,-07:00,2025-09-30T23:42:04-07:00,2,20
contact/index.html,5,html,91bad65e,Tori Nguyen,2025-09-30,23:42:04,-07:00,2025-09-30T23:42:04-07:00,2,68
contact/index.html,6,html,91bad65e,Tori Nguyen,2025-09-30,23:42:04,-07:00,2025-09-30T23:42:04-07:00,2,53
contact/index.html,7,html,18b42260,Tori Nguyen,2025-10-09,00:10:14,-07:00,2025-10-09T00:10:14-07:00,2,41
contact/index.html,8,html,91bad65e,Tori Nguyen,2025-09-30,23:42:04,-07:00,2025-09-30T23:42:04-07:00,0,5
contact/index.html,9,html,91bad65e,Tori Nguyen,2025-09-30,23:42:04,-07:00,2025-09-30T23:42:04-07:00,0,4
contact/index.html,10,html,91bad65e,Tori Nguyen,2025-09-30,23:42:04,-07:00,2025-09-30T23:42:04-07:00,2,14
contact/index.html,11,html,8789459b,Tori Nguyen,2025-10-14,22:56:44,-07:00,2025-10-14T22:56:44-07:00,2,48
contact/index.html,12,html,a14b0b40,Tori Nguyen,2025-10-01,23:32:31,-07:00,2025-10-01T23:32:31-07:00,2,71
contact/index.html,13,html,18b42260,Tori Nguyen,2025-10-09,00:10:14,-07:00,2025-10-09T00:10:14-07:00,4,23
contact/index.html,14,html,18b42260,Tori Nguyen,2025-10-09,00:10:14,-07:00,2025-10-09T00:10:14-07:00,6,31
contact/index.html,15,html,18b42260,Tori Nguyen,2025-10-09,00:10:14,-07:00,2025-10-09T00:10:14-07:00,4,6
contact/index.html,16,html,a14b0b40,Tori Nguyen,2025-10-01,23:32:31,-07:00,2025-10-01T23:32:31-07:00,0,0
contact/index.html,17,html,18b42260,Tori Nguyen,2025-10-09,00:10:14,-07:00,2025-10-09T00:10:14-07:00,4,27
contact/index.html,18,html,18b42260,Tori Nguyen,2025-10-09,00:10:14,-07:00,2025-10-09T00:10:14-07:00,6,20
contact/index.html,19,html,18b42260,Tori Nguyen,2025-10-09,00:10:14,-07:00,2025-10-09T00:10:14-07:00,4,6
contact/index.html,20,html,18b42260,Tori Nguyen,2025-10-09,00:10:14,-07:00,2025-10-09T00:10:14-07:00,4,0
contact/index.html,21,html,18b42260,Tori Nguyen,2025-10-09,00:10:14,-07:00,2025-10-09T00:10:14-07:00,4,21
contact/index.html,22,html,18b42260,Tori Nguyen,2025-10-09,00:10:14,-07:00,2025-10-09T00:10:14-07:00,6,31
contact/index.html,23,html,18b42260,Tori Nguyen,2025-10-09,00:10:14,-07:00,2025-10-09T00:10:14-07:00,4,6
contact/index.html,24,html,a14b0b40,Tori Nguyen,2025-10-01,23:32:31,-07:00,2025-10-01T23:32:31-07:00,0,0
contact/index.html,25,html,18b42260,Tori Nguyen,2025-10-09,00:10:14,-07:00,2025-10-09T00:10:14-07:00,4,19
contact/index.html,26,html,a14b0b40,Tori Nguyen,2025-10-01,23:32:31,-07:00,2025-10-01T23:32:31-07:00,2,5
contact/index.html,27,html,91bad65e,Tori Nguyen,2025-09-30,23:42:04,-07:00,2025-09-30T23:42:04-07:00,0,5
contact/index.html,28,html,91bad65e,Tori Nguyen,2025-09-30,23:42:04,-07:00,2025-09-30T23:42:04-07:00,0,5
CV/index.html,1,html,a14b0b40,Tori Nguyen,2025-10-01,23:32:31,-07:00,2025-10-01T23:32:31-07:00,0,13
CV/index.html,2,html,a14b0b40,Tori Nguyen,2025-10-01,23:32:31,-07:00,2025-10-01T23:32:31-07:00,0,14
CV/index.html,3,html,a14b0b40,Tori Nguyen,2025-10-01,23:32:31,-07:00,2025-10-01T23:32:31-07:00,0,4
CV/index.html,4,html,a14b0b40,Tori Nguyen,2025-10-01,23:32:31,-07:00,2025-10-01T23:32:31-07:00,2,20
CV/index.html,5,html,a14b0b40,Tori Nguyen,2025-10-01,23:32:31,-07:00,2025-10-01T23:32:31-07:00,2,68
CV/index.html,6,html,a14b0b40,Tori Nguyen,2025-10-01,23:32:31,-07:00,2025-10-01T23:32:31-07:00,2,37
CV/index.html,7,html,a14b0b40,Tori Nguyen,2025-10-01,23:32:31,-07:00,2025-10-01T23:32:31-07:00,2,5
CV/index.html,8,html,a14b0b40,Tori Nguyen,2025-10-01,23:32:31,-07:00,2025-10-01T23:32:31-07:00,4,8
CV/index.html,9,html,a14b0b40,Tori Nguyen,2025-10-01,23:32:31,-07:00,2025-10-01T23:32:31-07:00,6,10
CV/index.html,10,html,a14b0b40,Tori Nguyen,2025-10-01,23:32:31,-07:00,2025-10-01T23:32:31-07:00,6,12
CV/index.html,11,html,a14b0b40,Tori Nguyen,2025-10-01,23:32:31,-07:00,2025-10-01T23:32:31-07:00,6,11
CV/index.html,12,html,a14b0b40,Tori Nguyen,2025-10-01,23:32:31,-07:00,2025-10-01T23:32:31-07:00,6,9
CV/index.html,13,html,a14b0b40,Tori Nguyen,2025-10-01,23:32:31,-07:00,2025-10-01T23:32:31-07:00,4,0
CV/index.html,14,html,a14b0b40,Tori Nguyen,2025-10-01,23:32:31,-07:00,2025-10-01T23:32:31-07:00,4,8
CV/index.html,15,html,a14b0b40,Tori Nguyen,2025-10-01,23:32:31,-07:00,2025-10-01T23:32:31-07:00,6,10
CV/index.html,16,html,a14b0b40,Tori Nguyen,2025-10-01,23:32:31,-07:00,2025-10-01T23:32:31-07:00,6,12
CV/index.html,17,html,a14b0b40,Tori Nguyen,2025-10-01,23:32:31,-07:00,2025-10-01T23:32:31-07:00,6,11
CV/index.html,18,html,a14b0b40,Tori Nguyen,2025-10-01,23:32:31,-07:00,2025-10-01T23:32:31-07:00,6,9
CV/index.html,19,html,a14b0b40,Tori Nguyen,2025-10-01,23:32:31,-07:00,2025-10-01T23:32:31-07:00,4,0
CV/index.html,20,html,a14b0b40,Tori Nguyen,2025-10-01,23:32:31,-07:00,2025-10-01T23:32:31-07:00,2,6
CV/index.html,21,html,a14b0b40,Tori Nguyen,2025-10-01,23:32:31,-07:00,2025-10-01T23:32:31-07:00,0,5
CV/index.html,22,html,a14b0b40,Tori Nguyen,2025-10-01,23:32:31,-07:00,2025-10-01T23:32:31-07:00,0,4
CV/index.html,23,html,a14b0b40,Tori Nguyen,2025-10-01,23:32:31,-07:00,2025-10-01T23:32:31-07:00,2,15
CV/index.html,24,html,a14b0b40,Tori Nguyen,2025-10-01,23:32:31,-07:00,2025-10-01T23:32:31-07:00,4,19
CV/index.html,25,html,a14b0b40,Tori Nguyen,2025-10-01,23:32:31,-07:00,2025-10-01T23:32:31-07:00,6,7
CV/index.html,26,html,a14b0b40,Tori Nguyen,2025-10-01,23:32:31,-07:00,2025-10-01T23:32:31-07:00,8,18
CV/index.html,27,html,a14b0b40,Tori Nguyen,2025-10-01,23:32:31,-07:00,2025-10-01T23:32:31-07:00,8,21
CV/index.html,28,html,a14b0b40,Tori Nguyen,2025-10-01,23:32:31,-07:00,2025-10-01T23:32:31-07:00,8,2
CV/index.html,29,html,a14b0b40,Tori Nguyen,2025-10-01,23:32:31,-07:00,2025-10-01T23:32:31-07:00,6,8
CV/index.html,30,html,a14b0b40,Tori Nguyen,2025-10-01,23:32:31,-07:00,2025-10-01T23:32:31-07:00,6,7
CV/index.html,31,html,a14b0b40,Tori Nguyen,2025-10-01,23:32:31,-07:00,2025-10-01T23:32:31-07:00,8,13
CV/index.html,32,html,a14b0b40,Tori Nguyen,2025-10-01,23:32:31,-07:00,2025-10-01T23:32:31-07:00,8,17
CV/index.html,33,html,a14b0b40,Tori Nguyen,2025-10-01,23:32:31,-07:00,2025-10-01T23:32:31-07:00,6,8
CV/index.html,34,html,a14b0b40,Tori Nguyen,2025-10-01,23:32:31,-07:00,2025-10-01T23:32:31-07:00,6,7
CV/index.html,35,html,a14b0b40,Tori Nguyen,2025-10-01,23:32:31,-07:00,2025-10-01T23:32:31-07:00,8,13
CV/index.html,36,html,a14b0b40,Tori Nguyen,2025-10-01,23:32:31,-07:00,2025-10-01T23:32:31-07:00,8,25
CV/index.html,37,html,a14b0b40,Tori Nguyen,2025-10-01,23:32:31,-07:00,2025-10-01T23:32:31-07:00,6,8
CV/index.html,38,html,a14b0b40,Tori Nguyen,2025-10-01,23:32:31,-07:00,2025-10-01T23:32:31-07:00,4,4
CV/index.html,39,html,a14b0b40,Tori Nguyen,2025-10-01,23:32:31,-07:00,2025-10-01T23:32:31-07:00,4,19
CV/index.html,40,html,a14b0b40,Tori Nguyen,2025-10-01,23:32:31,-07:00,2025-10-01T23:32:31-07:00,6,7
CV/index.html,41,html,a14b0b40,Tori Nguyen,2025-10-01,23:32:31,-07:00,2025-10-01T23:32:31-07:00,8,21
CV/index.html,42,html,a14b0b40,Tori Nguyen,2025-10-01,23:32:31,-07:00,2025-10-01T23:32:31-07:00,8,20
CV/index.html,43,html,a14b0b40,Tori Nguyen,2025-10-01,23:32:31,-07:00,2025-10-01T23:32:31-07:00,8,16
CV/index.html,44,html,a14b0b40,Tori Nguyen,2025-10-01,23:32:31,-07:00,2025-10-01T23:32:31-07:00,10,14
CV/index.html,45,html,a14b0b40,Tori Nguyen,2025-10-01,23:32:31,-07:00,2025-10-01T23:32:31-07:00,10,21
CV/index.html,46,html,a14b0b40,Tori Nguyen,2025-10-01,23:32:31,-07:00,2025-10-01T23:32:31-07:00,8,2
CV/index.html,47,html,a14b0b40,Tori Nguyen,2025-10-01,23:32:31,-07:00,2025-10-01T23:32:31-07:00,6,8
CV/index.html,48,html,a14b0b40,Tori Nguyen,2025-10-01,23:32:31,-07:00,2025-10-01T23:32:31-07:00,6,7
CV/index.html,49,html,a14b0b40,Tori Nguyen,2025-10-01,23:32:31,-07:00,2025-10-01T23:32:31-07:00,8,20
CV/index.html,50,html,a14b0b40,Tori Nguyen,2025-10-01,23:32:31,-07:00,2025-10-01T23:32:31-07:00,8,64
CV/index.html,51,html,a14b0b40,Tori Nguyen,2025-10-01,23:32:31,-07:00,2025-10-01T23:32:31-07:00,10,79
CV/index.html,52,html,a14b0b40,Tori Nguyen,2025-10-01,23:32:31,-07:00,2025-10-01T23:32:31-07:00,10,78
CV/index.html,53,html,a14b0b40,Tori Nguyen,2025-10-01,23:32:31,-07:00,2025-10-01T23:32:31-07:00,10,75
CV/index.html,54,html,a14b0b40,Tori Nguyen,2025-10-01,23:32:31,-07:00,2025-10-01T23:32:31-07:00,10,38
CV/index.html,55,html,a14b0b40,Tori Nguyen,2025-10-01,23:32:31,-07:00,2025-10-01T23:32:31-07:00,8,2
CV/index.html,56,html,a14b0b40,Tori Nguyen,2025-10-01,23:32:31,-07:00,2025-10-01T23:32:31-07:00,8,83
CV/index.html,57,html,a14b0b40,Tori Nguyen,2025-10-01,23:32:31,-07:00,2025-10-01T23:32:31-07:00,10,51
CV/index.html,58,html,a14b0b40,Tori Nguyen,2025-10-01,23:32:31,-07:00,2025-10-01T23:32:31-07:00,8,2
CV/index.html,59,html,a14b0b40,Tori Nguyen,2025-10-01,23:32:31,-07:00,2025-10-01T23:32:31-07:00,8,2
CV/index.html,60,html,a14b0b40,Tori Nguyen,2025-10-01,23:32:31,-07:00,2025-10-01T23:32:31-07:00,10,40
CV/index.html,61,html,a14b0b40,Tori Nguyen,2025-10-01,23:32:31,-07:00,2025-10-01T23:32:31-07:00,10,13
CV/index.html,62,html,a14b0b40,Tori Nguyen,2025-10-01,23:32:31,-07:00,2025-10-01T23:32:31-07:00,10,17
CV/index.html,63,html,a14b0b40,Tori Nguyen,2025-10-01,23:32:31,-07:00,2025-10-01T23:32:31-07:00,10,10
CV/index.html,64,html,a14b0b40,Tori Nguyen,2025-10-01,23:32:31,-07:00,2025-10-01T23:32:31-07:00,8,3
CV/index.html,65,html,a14b0b40,Tori Nguyen,2025-10-01,23:32:31,-07:00,2025-10-01T23:32:31-07:00,8,86
CV/index.html,66,html,a14b0b40,Tori Nguyen,2025-10-01,23:32:31,-07:00,2025-10-01T23:32:31-07:00,10,81
CV/index.html,67,html,a14b0b40,Tori Nguyen,2025-10-01,23:32:31,-07:00,2025-10-01T23:32:31-07:00,10,90
CV/index.html,68,html,a14b0b40,Tori Nguyen,2025-10-01,23:32:31,-07:00,2025-10-01T23:32:31-07:00,8,2
CV/index.html,69,html,a14b0b40,Tori Nguyen,2025-10-01,23:32:31,-07:00,2025-10-01T23:32:31-07:00,8,15
CV/index.html,70,html,a14b0b40,Tori Nguyen,2025-10-01,23:32:31,-07:00,2025-10-01T23:32:31-07:00,10,9
CV/index.html,71,html,a14b0b40,Tori Nguyen,2025-10-01,23:32:31,-07:00,2025-10-01T23:32:31-07:00,8,2
CV/index.html,72,html,a14b0b40,Tori Nguyen,2025-10-01,23:32:31,-07:00,2025-10-01T23:32:31-07:00,6,8
CV/index.html,73,html,a14b0b40,Tori Nguyen,2025-10-01,23:32:31,-07:00,2025-10-01T23:32:31-07:00,4,4
CV/index.html,74,html,a14b0b40,Tori Nguyen,2025-10-01,23:32:31,-07:00,2025-10-01T23:32:31-07:00,2,4
CV/index.html,75,html,a14b0b40,Tori Nguyen,2025-10-01,23:32:31,-07:00,2025-10-01T23:32:31-07:00,0,5
CV/index.html,76,html,a14b0b40,Tori Nguyen,2025-10-01,23:32:31,-07:00,2025-10-01T23:32:31-07:00,0,5
